	A	C	G	T	fivemer.total	fivemer.every
AAAAA	NA	0.301252266728619	0.46625720351835	0.232490529753031	0	FALSE
AAAAC	NA	0.301252266728619	0.46625720351835	0.232490529753031	0	FALSE
AAAAG	NA	0.301252266728619	0.46625720351835	0.232490529753031	0	FALSE
AAAAT	NA	0.301252266728619	0.46625720351835	0.232490529753031	0	FALSE
AAACA	NA	0.301252266728619	0.46625720351835	0.232490529753031	0	FALSE
AAACC	NA	0.301252266728619	0.46625720351835	0.232490529753031	0	FALSE
AAACG	NA	0.301252266728619	0.46625720351835	0.232490529753031	0	FALSE
AAACT	NA	0.301252266728619	0.46625720351835	0.232490529753031	0	FALSE
AAAGA	NA	0.301252266728619	0.46625720351835	0.232490529753031	0	FALSE
AAAGC	NA	0.301252266728619	0.46625720351835	0.232490529753031	0	FALSE
AAAGG	NA	0.301252266728619	0.46625720351835	0.232490529753031	0	FALSE
AAAGT	NA	0.301252266728619	0.46625720351835	0.232490529753031	0	FALSE
AAATA	NA	0.301252266728619	0.46625720351835	0.232490529753031	0	FALSE
AAATC	NA	0.301252266728619	0.46625720351835	0.232490529753031	0	FALSE
AAATG	NA	0.301252266728619	0.46625720351835	0.232490529753031	0	FALSE
AAATT	NA	0.301252266728619	0.46625720351835	0.232490529753031	0	FALSE
AACAA	0.169335172179969	NA	0.336666095705963	0.493998732114067	0	FALSE
AACAC	0.169335172179969	NA	0.336666095705963	0.493998732114067	0	FALSE
AACAG	0.169335172179969	NA	0.336666095705963	0.493998732114067	0	FALSE
AACAT	0.169335172179969	NA	0.336666095705963	0.493998732114067	0	FALSE
AACCA	0.169335172179969	NA	0.336666095705963	0.493998732114067	0	FALSE
AACCC	0.169335172179969	NA	0.336666095705963	0.493998732114067	0	FALSE
AACCG	0.169335172179969	NA	0.336666095705963	0.493998732114067	0	FALSE
AACCT	0.169335172179969	NA	0.336666095705963	0.493998732114067	0	FALSE
AACGA	0.169335172179969	NA	0.336666095705963	0.493998732114067	0	FALSE
AACGC	0.169335172179969	NA	0.336666095705963	0.493998732114067	0	FALSE
AACGG	0.169335172179969	NA	0.336666095705963	0.493998732114067	0	FALSE
AACGT	0.169335172179969	NA	0.336666095705963	0.493998732114067	0	FALSE
AACTA	0.169335172179969	NA	0.336666095705963	0.493998732114067	0	FALSE
AACTC	0.169335172179969	NA	0.336666095705963	0.493998732114067	0	FALSE
AACTG	0.169335172179969	NA	0.336666095705963	0.493998732114067	0	FALSE
AACTT	0.169335172179969	NA	0.336666095705963	0.493998732114067	0	FALSE
AAGAA	0.484908488046769	0.332335921678844	NA	0.182755590274387	0	FALSE
AAGAC	0.484908488046769	0.332335921678844	NA	0.182755590274387	0	FALSE
AAGAG	0.484908488046769	0.332335921678844	NA	0.182755590274387	0	FALSE
AAGAT	0.484908488046769	0.332335921678844	NA	0.182755590274387	0	FALSE
AAGCA	0.484908488046769	0.332335921678844	NA	0.182755590274387	0	FALSE
AAGCC	0.484908488046769	0.332335921678844	NA	0.182755590274387	0	FALSE
AAGCG	0.484908488046769	0.332335921678844	NA	0.182755590274387	0	FALSE
AAGCT	0.484908488046769	0.332335921678844	NA	0.182755590274387	0	FALSE
AAGGA	0.484908488046769	0.332335921678844	NA	0.182755590274387	0	FALSE
AAGGC	0.484908488046769	0.332335921678844	NA	0.182755590274387	0	FALSE
AAGGG	0.484908488046769	0.332335921678844	NA	0.182755590274387	0	FALSE
AAGGT	0.484908488046769	0.332335921678844	NA	0.182755590274387	0	FALSE
AAGTA	0.484908488046769	0.332335921678844	NA	0.182755590274387	0	FALSE
AAGTC	0.484908488046769	0.332335921678844	NA	0.182755590274387	0	FALSE
AAGTG	0.484908488046769	0.332335921678844	NA	0.182755590274387	0	FALSE
AAGTT	0.484908488046769	0.332335921678844	NA	0.182755590274387	0	FALSE
AATAA	0.208101412438467	0.476099546346643	0.31579904121489	NA	0	FALSE
AATAC	0.208101412438467	0.476099546346643	0.31579904121489	NA	0	FALSE
AATAG	0.208101412438467	0.476099546346643	0.31579904121489	NA	0	FALSE
AATAT	0.208101412438467	0.476099546346643	0.31579904121489	NA	0	FALSE
AATCA	0.208101412438467	0.476099546346643	0.31579904121489	NA	0	FALSE
AATCC	0.208101412438467	0.476099546346643	0.31579904121489	NA	0	FALSE
AATCG	0.208101412438467	0.476099546346643	0.31579904121489	NA	0	FALSE
AATCT	0.208101412438467	0.476099546346643	0.31579904121489	NA	0	FALSE
AATGA	0.208101412438467	0.476099546346643	0.31579904121489	NA	0	FALSE
AATGC	0.208101412438467	0.476099546346643	0.31579904121489	NA	0	FALSE
AATGG	0.208101412438467	0.476099546346643	0.31579904121489	NA	0	FALSE
AATGT	0.208101412438467	0.476099546346643	0.31579904121489	NA	0	FALSE
AATTA	0.208101412438467	0.476099546346643	0.31579904121489	NA	0	FALSE
AATTC	0.208101412438467	0.476099546346643	0.31579904121489	NA	0	FALSE
AATTG	0.208101412438467	0.476099546346643	0.31579904121489	NA	0	FALSE
AATTT	0.208101412438467	0.476099546346643	0.31579904121489	NA	0	FALSE
ACAAA	NA	0.355597527472527	0.387706043956044	0.256696428571429	5824	TRUE
ACAAC	NA	0.250764525993884	0.475365273530411	0.273870200475705	2943	TRUE
ACAAG	NA	0.288553036663868	0.414217744192555	0.297229219143577	3573	TRUE
ACAAT	NA	0.27553050397878	0.519230769230769	0.205238726790451	3016	TRUE
ACACA	NA	0.222416812609457	0.471103327495622	0.306479859894921	1142	TRUE
ACACC	NA	0.339473684210526	0.3	0.360526315789474	380	TRUE
ACACG	NA	0.375	0.4375	0.1875	32	TRUE
ACACT	NA	0.342702702702703	0.356756756756757	0.300540540540541	925	TRUE
ACAGA	NA	0.216833667334669	0.507414829659319	0.275751503006012	7485	TRUE
ACAGC	NA	0.213451201634756	0.451690284749678	0.334858513615566	22511	TRUE
ACAGG	NA	0.317981072555205	0.452365930599369	0.229652996845426	1585	TRUE
ACAGT	NA	0.186982693754703	0.474416854778029	0.338600451467269	2658	TRUE
ACATA	NA	0.313045529606039	0.353699771958795	0.333254698435166	12717	TRUE
ACATC	NA	0.264876512514504	0.454831758660699	0.280291728824797	6033	TRUE
ACATG	NA	0.208955223880597	0.417910447761194	0.373134328358209	67	TRUE
ACATT	NA	0.310211946050096	0.308285163776493	0.38150289017341	519	TRUE
ACCAA	0.197816506410256	NA	0.335036057692308	0.467147435897436	9984	TRUE
ACCAC	0.208916246968849	NA	0.247155381458683	0.543928371572468	5361	TRUE
ACCAG	0.161034191851521	NA	0.245000248126644	0.593965560021835	20151	TRUE
ACCAT	0.204699858872953	NA	0.230234008336342	0.565066132790705	30469	TRUE
ACCCA	0.216524216524217	NA	0.304843304843305	0.478632478632479	351	TRUE
ACCCC	0.252491694352159	NA	0.20265780730897	0.54485049833887	301	TRUE
ACCCG	0.112903225806452	NA	0.258064516129032	0.629032258064516	62	TRUE
ACCCT	0.221351949599864	NA	0.237868210454623	0.540779839945513	5873	TRUE
ACCGA	0.103660746647336	NA	0.34505255527365	0.551286698079014	2759	TRUE
ACCGC	0.136220246630341	NA	0.261351687219195	0.602428066150464	10461	TRUE
ACCGG	0.175812466702184	NA	0.23654768247203	0.587639850825786	1877	TRUE
ACCGT	0.140934283452098	NA	0.149643705463183	0.709422011084719	1263	TRUE
ACCTA	0.183806790062358	NA	0.347223596951401	0.468969612986242	10103	TRUE
ACCTC	0.10832083958021	NA	0.412481259370315	0.479197901049475	5336	TRUE
ACCTG	0.143305965147453	NA	0.349321380697051	0.507372654155496	23872	TRUE
ACCTT	0.162945316203372	NA	0.30324650857511	0.533808175221519	82273	TRUE
ACGAA	0.456876456876457	0.398601398601399	NA	0.144522144522145	429	TRUE
ACGAC	0.327868852459016	0.426229508196721	NA	0.245901639344262	122	TRUE
ACGAG	0.4327967053538	0.413515537251966	NA	0.153687757394234	5342	TRUE
ACGAT	0.398821705426357	0.458356589147287	NA	0.142821705426357	16125	TRUE
ACGCA	0.485714285714286	0.4	NA	0.114285714285714	70	TRUE
ACGCC	0.420289855072464	0.376811594202899	NA	0.202898550724638	69	TRUE
ACGCG	0.368421052631579	0.394736842105263	NA	0.236842105263158	38	TRUE
ACGCT	0.572162626045913	0.260941857970393	NA	0.166895515983694	93220	TRUE
ACGGA	0.556521739130435	0.260869565217391	NA	0.182608695652174	115	TRUE
ACGGC	0.483940226726211	0.360786671246994	NA	0.155273102026795	11644	TRUE
ACGGG	0.303571428571429	0.482142857142857	NA	0.214285714285714	168	TRUE
ACGGT	0.579795021961933	0.275256222547584	NA	0.144948755490483	683	TRUE
ACGTA	0.450268016676593	0.359886837403216	NA	0.189845145920191	6716	TRUE
ACGTC	0.423505047890241	0.430925877987747	NA	0.145569074122012	11589	TRUE
ACGTG	0.436619718309859	0.253521126760563	NA	0.309859154929577	71	TRUE
ACGTT	0.486899563318777	0.362445414847162	NA	0.150655021834061	916	TRUE
ACTAA	0.358333333333333	0.4125	0.229166666666667	NA	480	TRUE
ACTAC	0.332386363636364	0.475852272727273	0.191761363636364	NA	704	TRUE
ACTAG	0.274494293140468	0.535314724827664	0.190190982031868	NA	8849	TRUE
ACTAT	0.291087489779231	0.561733442354865	0.147179067865904	NA	1223	TRUE
ACTCA	0.135135135135135	0.693693693693694	0.171171171171171	NA	111	TRUE
ACTCC	0.076576576576577	0.827327327327327	0.096096096096096	NA	666	TRUE
ACTCG	0.114285714285714	0.714285714285714	0.171428571428571	NA	70	TRUE
ACTCT	0.222857142857143	0.611428571428571	0.165714285714286	NA	175	TRUE
ACTGA	0.331619537275064	0.433590402742074	0.234790059982862	NA	2334	TRUE
ACTGC	0.234112709832134	0.276978417266187	0.488908872901679	NA	3336	TRUE
ACTGG	0.186483739837398	0.540650406504065	0.272865853658537	NA	1968	TRUE
ACTGT	0.376443418013857	0.43289710033359	0.190659481652553	NA	3897	TRUE
ACTTA	0.186335403726708	0.65424430641822	0.159420289855072	NA	483	TRUE
ACTTC	0.09315866084425	0.786026200873362	0.120815138282387	NA	687	TRUE
ACTTG	0.099415204678363	0.684210526315789	0.216374269005848	NA	171	TRUE
ACTTT	0.162068965517241	0.738362068965517	0.099568965517241	NA	2320	TRUE
AGAAA	NA	0.341260356915233	0.561743148502231	0.096996494582537	0	FALSE
AGAAC	NA	0.341260356915233	0.561743148502231	0.096996494582537	0	FALSE
AGAAG	NA	0.341260356915233	0.561743148502231	0.096996494582537	0	FALSE
AGAAT	NA	0.341260356915233	0.561743148502231	0.096996494582537	0	FALSE
AGACA	NA	0.336899779973252	0.552116139609129	0.110984080417619	0	FALSE
AGACC	NA	0.336899779973252	0.552116139609129	0.110984080417619	0	FALSE
AGACG	NA	0.336899779973252	0.552116139609129	0.110984080417619	0	FALSE
AGACT	NA	0.336899779973252	0.552116139609129	0.110984080417619	0	FALSE
AGAGA	NA	0.334259700386427	0.560160923190937	0.105579376422635	0	FALSE
AGAGC	NA	0.334259700386427	0.560160923190937	0.105579376422635	0	FALSE
AGAGG	NA	0.334259700386427	0.560160923190937	0.105579376422635	0	FALSE
AGAGT	NA	0.334259700386427	0.560160923190937	0.105579376422635	0	FALSE
AGATA	NA	0.34947927967021	0.49142981123888	0.159090909090909	0	FALSE
AGATC	NA	0.34947927967021	0.49142981123888	0.159090909090909	0	FALSE
AGATG	NA	0.34947927967021	0.49142981123888	0.159090909090909	0	FALSE
AGATT	NA	0.34947927967021	0.49142981123888	0.159090909090909	0	FALSE
AGCAA	0.243386243386243	NA	0.448609703928853	0.308004052684904	0	FALSE
AGCAC	0.243386243386243	NA	0.448609703928853	0.308004052684904	0	FALSE
AGCAG	0.243386243386243	NA	0.448609703928853	0.308004052684904	0	FALSE
AGCAT	0.243386243386243	NA	0.448609703928853	0.308004052684904	0	FALSE
AGCCA	0.131359069275516	NA	0.385166578529878	0.483474352194606	0	FALSE
AGCCC	0.131359069275516	NA	0.385166578529878	0.483474352194606	0	FALSE
AGCCG	0.131359069275516	NA	0.385166578529878	0.483474352194606	0	FALSE
AGCCT	0.131359069275516	NA	0.385166578529878	0.483474352194606	0	FALSE
AGCGA	0.210688196847366	NA	0.272202998846597	0.517108804306036	0	FALSE
AGCGC	0.210688196847366	NA	0.272202998846597	0.517108804306036	0	FALSE
AGCGG	0.210688196847366	NA	0.272202998846597	0.517108804306036	0	FALSE
AGCGT	0.210688196847366	NA	0.272202998846597	0.517108804306036	0	FALSE
AGCTA	0.176752585782302	NA	0.359251354457396	0.463996059760302	0	FALSE
AGCTC	0.176752585782302	NA	0.359251354457396	0.463996059760302	0	FALSE
AGCTG	0.176752585782302	NA	0.359251354457396	0.463996059760302	0	FALSE
AGCTT	0.176752585782302	NA	0.359251354457396	0.463996059760302	0	FALSE
AGGAA	0.590318166267533	0.284775915155662	NA	0.124905918576805	0	FALSE
AGGAC	0.590318166267533	0.284775915155662	NA	0.124905918576805	0	FALSE
AGGAG	0.590318166267533	0.284775915155662	NA	0.124905918576805	0	FALSE
AGGAT	0.590318166267533	0.284775915155662	NA	0.124905918576805	0	FALSE
AGGCA	0.582939643757208	0.29383623083166	NA	0.123224125411132	0	FALSE
AGGCC	0.582939643757208	0.29383623083166	NA	0.123224125411132	0	FALSE
AGGCG	0.582939643757208	0.29383623083166	NA	0.123224125411132	0	FALSE
AGGCT	0.582939643757208	0.29383623083166	NA	0.123224125411132	0	FALSE
AGGGA	0.649423917361939	0.187961859356377	NA	0.162614223281685	0	FALSE
AGGGC	0.649423917361939	0.187961859356377	NA	0.162614223281685	0	FALSE
AGGGG	0.649423917361939	0.187961859356377	NA	0.162614223281685	0	FALSE
AGGGT	0.649423917361939	0.187961859356377	NA	0.162614223281685	0	FALSE
AGGTA	0.503450870313834	0.379508920174207	NA	0.117040209511959	0	FALSE
AGGTC	0.503450870313834	0.379508920174207	NA	0.117040209511959	0	FALSE
AGGTG	0.503450870313834	0.379508920174207	NA	0.117040209511959	0	FALSE
AGGTT	0.503450870313834	0.379508920174207	NA	0.117040209511959	0	FALSE
AGTAA	0.334310287678163	0.434552781703041	0.231136930618796	NA	0	FALSE
AGTAC	0.334310287678163	0.434552781703041	0.231136930618796	NA	0	FALSE
AGTAG	0.334310287678163	0.434552781703041	0.231136930618796	NA	0	FALSE
AGTAT	0.334310287678163	0.434552781703041	0.231136930618796	NA	0	FALSE
AGTCA	0.089381999170469	0.605972625466611	0.30464537536292	NA	0	FALSE
AGTCC	0.089381999170469	0.605972625466611	0.30464537536292	NA	0	FALSE
AGTCG	0.089381999170469	0.605972625466611	0.30464537536292	NA	0	FALSE
AGTCT	0.089381999170469	0.605972625466611	0.30464537536292	NA	0	FALSE
AGTGA	0.285741462950633	0.463402454104442	0.250856082944925	NA	0	FALSE
AGTGC	0.285741462950633	0.463402454104442	0.250856082944925	NA	0	FALSE
AGTGG	0.285741462950633	0.463402454104442	0.250856082944925	NA	0	FALSE
AGTGT	0.285741462950633	0.463402454104442	0.250856082944925	NA	0	FALSE
AGTTA	0.206020638700617	0.585577334066068	0.208402027233315	NA	0	FALSE
AGTTC	0.206020638700617	0.585577334066068	0.208402027233315	NA	0	FALSE
AGTTG	0.206020638700617	0.585577334066068	0.208402027233315	NA	0	FALSE
AGTTT	0.206020638700617	0.585577334066068	0.208402027233315	NA	0	FALSE
ATAAA	NA	0.265969973506035	0.540182513982926	0.193847512511039	0	FALSE
ATAAC	NA	0.265969973506035	0.540182513982926	0.193847512511039	0	FALSE
ATAAG	NA	0.265969973506035	0.540182513982926	0.193847512511039	0	FALSE
ATAAT	NA	0.265969973506035	0.540182513982926	0.193847512511039	0	FALSE
ATACA	NA	0.217772255145606	0.510577964697636	0.271649780156758	0	FALSE
ATACC	NA	0.217772255145606	0.510577964697636	0.271649780156758	0	FALSE
ATACG	NA	0.217772255145606	0.510577964697636	0.271649780156758	0	FALSE
ATACT	NA	0.217772255145606	0.510577964697636	0.271649780156758	0	FALSE
ATAGA	NA	0.168035340091748	0.562137773498707	0.269826886409545	0	FALSE
ATAGC	NA	0.168035340091748	0.562137773498707	0.269826886409545	0	FALSE
ATAGG	NA	0.168035340091748	0.562137773498707	0.269826886409545	0	FALSE
ATAGT	NA	0.168035340091748	0.562137773498707	0.269826886409545	0	FALSE
ATATA	NA	0.299256131885806	0.295402761023991	0.405341107090202	0	FALSE
ATATC	NA	0.299256131885806	0.295402761023991	0.405341107090202	0	FALSE
ATATG	NA	0.299256131885806	0.295402761023991	0.405341107090202	0	FALSE
ATATT	NA	0.299256131885806	0.295402761023991	0.405341107090202	0	FALSE
ATCAA	0.188214841248056	NA	0.417467288864489	0.394317869887455	0	FALSE
ATCAC	0.188214841248056	NA	0.417467288864489	0.394317869887455	0	FALSE
ATCAG	0.188214841248056	NA	0.417467288864489	0.394317869887455	0	FALSE
ATCAT	0.188214841248056	NA	0.417467288864489	0.394317869887455	0	FALSE
ATCCA	0.107225075261201	NA	0.308748007791748	0.584026916947052	0	FALSE
ATCCC	0.107225075261201	NA	0.308748007791748	0.584026916947052	0	FALSE
ATCCG	0.107225075261201	NA	0.308748007791748	0.584026916947052	0	FALSE
ATCCT	0.107225075261201	NA	0.308748007791748	0.584026916947052	0	FALSE
ATCGA	0.138590203106332	NA	0.492234169653525	0.369175627240143	0	FALSE
ATCGC	0.138590203106332	NA	0.492234169653525	0.369175627240143	0	FALSE
ATCGG	0.138590203106332	NA	0.492234169653525	0.369175627240143	0	FALSE
ATCGT	0.138590203106332	NA	0.492234169653525	0.369175627240143	0	FALSE
ATCTA	0.083331155765763	NA	0.519010164885416	0.39765867934882	0	FALSE
ATCTC	0.083331155765763	NA	0.519010164885416	0.39765867934882	0	FALSE
ATCTG	0.083331155765763	NA	0.519010164885416	0.39765867934882	0	FALSE
ATCTT	0.083331155765763	NA	0.519010164885416	0.39765867934882	0	FALSE
ATGAA	0.455896720167481	0.365212840195394	NA	0.178890439637125	0	FALSE
ATGAC	0.455896720167481	0.365212840195394	NA	0.178890439637125	0	FALSE
ATGAG	0.455896720167481	0.365212840195394	NA	0.178890439637125	0	FALSE
ATGAT	0.455896720167481	0.365212840195394	NA	0.178890439637125	0	FALSE
ATGCA	0.58147140462253	0.246104377937175	NA	0.172424217440295	0	FALSE
ATGCC	0.58147140462253	0.246104377937175	NA	0.172424217440295	0	FALSE
ATGCG	0.58147140462253	0.246104377937175	NA	0.172424217440295	0	FALSE
ATGCT	0.58147140462253	0.246104377937175	NA	0.172424217440295	0	FALSE
ATGGA	0.579898601070322	0.20001251838638	NA	0.220088880543298	0	FALSE
ATGGC	0.579898601070322	0.20001251838638	NA	0.220088880543298	0	FALSE
ATGGG	0.579898601070322	0.20001251838638	NA	0.220088880543298	0	FALSE
ATGGT	0.579898601070322	0.20001251838638	NA	0.220088880543298	0	FALSE
ATGTA	0.373786703798189	0.386938580532377	NA	0.239274715669435	0	FALSE
ATGTC	0.373786703798189	0.386938580532377	NA	0.239274715669435	0	FALSE
ATGTG	0.373786703798189	0.386938580532377	NA	0.239274715669435	0	FALSE
ATGTT	0.373786703798189	0.386938580532377	NA	0.239274715669435	0	FALSE
ATTAA	0.207058398772452	0.518578692421097	0.274362908806451	NA	0	FALSE
ATTAC	0.207058398772452	0.518578692421097	0.274362908806451	NA	0	FALSE
ATTAG	0.207058398772452	0.518578692421097	0.274362908806451	NA	0	FALSE
ATTAT	0.207058398772452	0.518578692421097	0.274362908806451	NA	0	FALSE
ATTCA	0.109633473889069	0.446967239701589	0.443399286409342	NA	0	FALSE
ATTCC	0.109633473889069	0.446967239701589	0.443399286409342	NA	0	FALSE
ATTCG	0.109633473889069	0.446967239701589	0.443399286409342	NA	0	FALSE
ATTCT	0.109633473889069	0.446967239701589	0.443399286409342	NA	0	FALSE
ATTGA	0.184248740070044	0.469633552575382	0.346117707354574	NA	0	FALSE
ATTGC	0.184248740070044	0.469633552575382	0.346117707354574	NA	0	FALSE
ATTGG	0.184248740070044	0.469633552575382	0.346117707354574	NA	0	FALSE
ATTGT	0.184248740070044	0.469633552575382	0.346117707354574	NA	0	FALSE
ATTTA	0.104456200125527	0.69093517439254	0.204608625481933	NA	0	FALSE
ATTTC	0.104456200125527	0.69093517439254	0.204608625481933	NA	0	FALSE
ATTTG	0.104456200125527	0.69093517439254	0.204608625481933	NA	0	FALSE
ATTTT	0.104456200125527	0.69093517439254	0.204608625481933	NA	0	FALSE
CAAAA	NA	0.301252266728619	0.46625720351835	0.232490529753031	0	FALSE
CAAAC	NA	0.301252266728619	0.46625720351835	0.232490529753031	0	FALSE
CAAAG	NA	0.301252266728619	0.46625720351835	0.232490529753031	0	FALSE
CAAAT	NA	0.301252266728619	0.46625720351835	0.232490529753031	0	FALSE
CAACA	NA	0.301252266728619	0.46625720351835	0.232490529753031	0	FALSE
CAACC	NA	0.301252266728619	0.46625720351835	0.232490529753031	0	FALSE
CAACG	NA	0.301252266728619	0.46625720351835	0.232490529753031	0	FALSE
CAACT	NA	0.301252266728619	0.46625720351835	0.232490529753031	0	FALSE
CAAGA	NA	0.301252266728619	0.46625720351835	0.232490529753031	0	FALSE
CAAGC	NA	0.301252266728619	0.46625720351835	0.232490529753031	0	FALSE
CAAGG	NA	0.301252266728619	0.46625720351835	0.232490529753031	0	FALSE
CAAGT	NA	0.301252266728619	0.46625720351835	0.232490529753031	0	FALSE
CAATA	NA	0.301252266728619	0.46625720351835	0.232490529753031	0	FALSE
CAATC	NA	0.301252266728619	0.46625720351835	0.232490529753031	0	FALSE
CAATG	NA	0.301252266728619	0.46625720351835	0.232490529753031	0	FALSE
CAATT	NA	0.301252266728619	0.46625720351835	0.232490529753031	0	FALSE
CACAA	0.169335172179969	NA	0.336666095705963	0.493998732114067	0	FALSE
CACAC	0.169335172179969	NA	0.336666095705963	0.493998732114067	0	FALSE
CACAG	0.169335172179969	NA	0.336666095705963	0.493998732114067	0	FALSE
CACAT	0.169335172179969	NA	0.336666095705963	0.493998732114067	0	FALSE
CACCA	0.169335172179969	NA	0.336666095705963	0.493998732114067	0	FALSE
CACCC	0.169335172179969	NA	0.336666095705963	0.493998732114067	0	FALSE
CACCG	0.169335172179969	NA	0.336666095705963	0.493998732114067	0	FALSE
CACCT	0.169335172179969	NA	0.336666095705963	0.493998732114067	0	FALSE
CACGA	0.169335172179969	NA	0.336666095705963	0.493998732114067	0	FALSE
CACGC	0.169335172179969	NA	0.336666095705963	0.493998732114067	0	FALSE
CACGG	0.169335172179969	NA	0.336666095705963	0.493998732114067	0	FALSE
CACGT	0.169335172179969	NA	0.336666095705963	0.493998732114067	0	FALSE
CACTA	0.169335172179969	NA	0.336666095705963	0.493998732114067	0	FALSE
CACTC	0.169335172179969	NA	0.336666095705963	0.493998732114067	0	FALSE
CACTG	0.169335172179969	NA	0.336666095705963	0.493998732114067	0	FALSE
CACTT	0.169335172179969	NA	0.336666095705963	0.493998732114067	0	FALSE
CAGAA	0.484908488046769	0.332335921678844	NA	0.182755590274387	0	FALSE
CAGAC	0.484908488046769	0.332335921678844	NA	0.182755590274387	0	FALSE
CAGAG	0.484908488046769	0.332335921678844	NA	0.182755590274387	0	FALSE
CAGAT	0.484908488046769	0.332335921678844	NA	0.182755590274387	0	FALSE
CAGCA	0.484908488046769	0.332335921678844	NA	0.182755590274387	0	FALSE
CAGCC	0.484908488046769	0.332335921678844	NA	0.182755590274387	0	FALSE
CAGCG	0.484908488046769	0.332335921678844	NA	0.182755590274387	0	FALSE
CAGCT	0.484908488046769	0.332335921678844	NA	0.182755590274387	0	FALSE
CAGGA	0.484908488046769	0.332335921678844	NA	0.182755590274387	0	FALSE
CAGGC	0.484908488046769	0.332335921678844	NA	0.182755590274387	0	FALSE
CAGGG	0.484908488046769	0.332335921678844	NA	0.182755590274387	0	FALSE
CAGGT	0.484908488046769	0.332335921678844	NA	0.182755590274387	0	FALSE
CAGTA	0.484908488046769	0.332335921678844	NA	0.182755590274387	0	FALSE
CAGTC	0.484908488046769	0.332335921678844	NA	0.182755590274387	0	FALSE
CAGTG	0.484908488046769	0.332335921678844	NA	0.182755590274387	0	FALSE
CAGTT	0.484908488046769	0.332335921678844	NA	0.182755590274387	0	FALSE
CATAA	0.208101412438467	0.476099546346643	0.31579904121489	NA	0	FALSE
CATAC	0.208101412438467	0.476099546346643	0.31579904121489	NA	0	FALSE
CATAG	0.208101412438467	0.476099546346643	0.31579904121489	NA	0	FALSE
CATAT	0.208101412438467	0.476099546346643	0.31579904121489	NA	0	FALSE
CATCA	0.208101412438467	0.476099546346643	0.31579904121489	NA	0	FALSE
CATCC	0.208101412438467	0.476099546346643	0.31579904121489	NA	0	FALSE
CATCG	0.208101412438467	0.476099546346643	0.31579904121489	NA	0	FALSE
CATCT	0.208101412438467	0.476099546346643	0.31579904121489	NA	0	FALSE
CATGA	0.208101412438467	0.476099546346643	0.31579904121489	NA	0	FALSE
CATGC	0.208101412438467	0.476099546346643	0.31579904121489	NA	0	FALSE
CATGG	0.208101412438467	0.476099546346643	0.31579904121489	NA	0	FALSE
CATGT	0.208101412438467	0.476099546346643	0.31579904121489	NA	0	FALSE
CATTA	0.208101412438467	0.476099546346643	0.31579904121489	NA	0	FALSE
CATTC	0.208101412438467	0.476099546346643	0.31579904121489	NA	0	FALSE
CATTG	0.208101412438467	0.476099546346643	0.31579904121489	NA	0	FALSE
CATTT	0.208101412438467	0.476099546346643	0.31579904121489	NA	0	FALSE
CCAAA	NA	0.346153846153846	0.461538461538462	0.192307692307692	182	TRUE
CCAAC	NA	0.403794037940379	0.306233062330623	0.289972899728997	369	TRUE
CCAAG	NA	0.481481481481481	0.320987654320988	0.197530864197531	81	TRUE
CCAAT	NA	0.457142857142857	0.328571428571429	0.214285714285714	70	TRUE
CCACA	NA	0.540983606557377	0.295081967213115	0.163934426229508	61	TRUE
CCACC	NA	0.4	0.344303797468354	0.255696202531646	395	TRUE
CCACG	NA	0.696969696969697	0.196969696969697	0.106060606060606	66	TRUE
CCACT	NA	0.6875	0.25	0.0625	32	TRUE
CCAGA	NA	0.544025157232704	0.310272536687631	0.145702306079665	954	TRUE
CCAGC	NA	0.455555555555556	0.366666666666667	0.177777777777778	90	TRUE
CCAGG	NA	0.508602863719714	0.34522648355507	0.146170652725216	51262	TRUE
CCAGT	NA	0.689655172413793	0.137931034482759	0.172413793103448	58	TRUE
CCATA	NA	0.401709401709402	0.376068376068376	0.222222222222222	117	TRUE
CCATC	NA	0.462174348697395	0.364478957915832	0.173346693386774	3992	TRUE
CCATG	NA	0.636363636363636	0.272727272727273	0.090909090909091	22	TRUE
CCATT	NA	0.470588235294118	0.25	0.279411764705882	68	TRUE
CCCAA	0.373333333333333	NA	0.253333333333333	0.373333333333333	75	TRUE
CCCAC	0.302013422818792	NA	0.352348993288591	0.345637583892617	298	TRUE
CCCAG	0.3	NA	0.24	0.46	50	TRUE
CCCAT	0.5	NA	0.18	0.32	50	TRUE
CCCCA	0.241379310344828	NA	0.586206896551724	0.172413793103448	87	TRUE
CCCCC	0.203621581670362	NA	0.206208425720621	0.590169992609017	2706	TRUE
CCCCG	0.4	NA	0.175	0.425	40	TRUE
CCCCT	0.392857142857143	NA	0.178571428571429	0.428571428571429	56	TRUE
CCCGA	0.257731958762887	NA	0.360824742268041	0.381443298969072	97	TRUE
CCCGC	0.234375	NA	0.296875	0.46875	128	TRUE
CCCGG	0.04757822546078	NA	0.905057865409344	0.047363909129876	4666	TRUE
CCCGT	0.254901960784314	NA	0.240896358543417	0.504201680672269	357	TRUE
CCCTA	0.22463768115942	NA	0.376811594202899	0.398550724637681	138	TRUE
CCCTC	0.108812466415905	NA	0.450295540032241	0.440891993551854	3722	TRUE
CCCTG	0.125	NA	0.346283783783784	0.528716216216216	592	TRUE
CCCTT	0.106007067137809	NA	0.176678445229682	0.717314487632509	283	TRUE
CCGAA	0.36734693877551	0.326530612244898	NA	0.306122448979592	98	TRUE
CCGAC	0.347826086956522	0.565217391304348	NA	0.08695652173913	23	TRUE
CCGAG	0.205128205128205	0.58974358974359	NA	0.205128205128205	39	TRUE
CCGAT	0.268292682926829	0.682926829268293	NA	0.048780487804878	41	TRUE
CCGCA	0.444444444444444	0.355555555555556	NA	0.2	45	TRUE
CCGCC	0.242857142857143	0.657142857142857	NA	0.1	70	TRUE
CCGCG	0.570830300536937	0.262919712649134	NA	0.166249986813929	14	FALSE
CCGCT	0.571428571428571	0.404761904761905	NA	0.023809523809524	42	TRUE
CCGGA	0.349693251533742	0.478527607361963	NA	0.171779141104294	163	TRUE
CCGGC	0.25	0.704545454545455	NA	0.045454545454546	44	TRUE
CCGGG	0.200417536534447	0.490605427974948	NA	0.308977035490605	479	TRUE
CCGGT	0.338461538461538	0.415384615384615	NA	0.246153846153846	65	TRUE
CCGTA	0.356435643564356	0.425742574257426	NA	0.217821782178218	101	TRUE
CCGTC	0.261198156682028	0.635391705069124	NA	0.103410138248848	5425	TRUE
CCGTG	0.25	0.25	NA	0.5	4	TRUE
CCGTT	0.440677966101695	0.271186440677966	NA	0.288135593220339	59	TRUE
CCTAA	0.277479147358665	0.465060240963855	0.257460611677479	NA	5395	TRUE
CCTAC	0.350204498977505	0.443762781186094	0.206032719836401	NA	1956	TRUE
CCTAG	0.189504373177843	0.607038733860891	0.203456892961266	NA	4802	TRUE
CCTAT	0.245952854302755	0.61814825333712	0.135898892360125	NA	7042	TRUE
CCTCA	0.07843137254902	0.852941176470588	0.068627450980392	NA	102	TRUE
CCTCC	0.028368794326241	0.858156028368794	0.113475177304965	NA	282	TRUE
CCTCG	0.053571428571429	0.785714285714286	0.160714285714286	NA	56	TRUE
CCTCT	0.059139784946237	0.827956989247312	0.112903225806452	NA	186	TRUE
CCTGA	0.26031746031746	0.51957671957672	0.22010582010582	NA	945	TRUE
CCTGC	0.252559726962457	0.525597269624573	0.221843003412969	NA	293	TRUE
CCTGG	0.071898485760799	0.133828415958609	0.794273098280591	NA	89682	TRUE
CCTGT	0.290102389078498	0.536323744514871	0.173573866406631	NA	2051	TRUE
CCTTA	0.095238095238095	0.761904761904762	0.142857142857143	NA	189	TRUE
CCTTC	0.049647289936602	0.848825788016787	0.101526922046611	NA	11199	TRUE
CCTTG	0.076923076923077	0.692307692307692	0.230769230769231	NA	26	TRUE
CCTTT	0.089285714285714	0.852678571428571	0.058035714285714	NA	224	TRUE
CGAAA	NA	0.48	0.48	0.04	50	TRUE
CGAAC	NA	0.2	0.685714285714286	0.114285714285714	35	TRUE
CGAAG	NA	0.34375	0.53125	0.125	32	TRUE
CGAAT	NA	0.470198675496689	0.454304635761589	0.075496688741722	755	TRUE
CGACA	NA	0.414289701367569	0.499637175551214	0.086073123081217	17915	TRUE
CGACC	NA	0.326923076923077	0.557692307692308	0.115384615384615	52	TRUE
CGACG	NA	0.363636363636364	0.515151515151515	0.121212121212121	66	TRUE
CGACT	NA	0.397905759162304	0.5	0.102094240837696	382	TRUE
CGAGA	NA	0.380597014925373	0.537313432835821	0.082089552238806	134	TRUE
CGAGC	NA	0.439716312056738	0.48936170212766	0.070921985815603	141	TRUE
CGAGG	NA	0.251908396946565	0.641221374045801	0.106870229007634	131	TRUE
CGAGT	NA	0.400119216153789	0.500782356009239	0.099098427836972	13421	TRUE
CGATA	NA	0.368421052631579	0.4	0.231578947368421	95	TRUE
CGATC	NA	0.27536231884058	0.623188405797101	0.101449275362319	69	TRUE
CGATG	NA	0.35	0.5	0.15	20	TRUE
CGATT	NA	0.433511995916284	0.484473370767398	0.082014633316318	23508	TRUE
CGCAA	0.288888888888889	NA	0.311111111111111	0.4	45	TRUE
CGCAC	0.324675324675325	NA	0.454545454545455	0.220779220779221	77	TRUE
CGCAG	0.186440677966102	NA	0.423728813559322	0.389830508474576	59	TRUE
CGCAT	0.144200626959248	NA	0.457680250783699	0.398119122257053	319	TRUE
CGCCA	0.11983032873807	NA	0.375448164419532	0.504721506842398	19803	TRUE
CGCCC	0.106194690265487	NA	0.769911504424779	0.123893805309735	113	TRUE
CGCCG	0.136363636363636	NA	0.363636363636364	0.5	44	TRUE
CGCCT	0.142857142857143	NA	0.401785714285714	0.455357142857143	224	TRUE
CGCGA	0.21875	NA	0.53125	0.25	32	TRUE
CGCGC	0.076923076923077	NA	0.461538461538462	0.461538461538462	13	TRUE
CGCGG	0.108108108108108	NA	0.621621621621622	0.27027027027027	37	TRUE
CGCGT	0.178571428571429	NA	0.357142857142857	0.464285714285714	28	TRUE
CGCTA	0.206424581005587	NA	0.284916201117318	0.508659217877095	3580	TRUE
CGCTC	0.043478260869565	NA	0.434782608695652	0.521739130434783	46	TRUE
CGCTG	0.027027027027027	NA	0.540540540540541	0.432432432432432	37	TRUE
CGCTT	0.168269230769231	NA	0.379807692307692	0.451923076923077	208	TRUE
CGGAA	0.537634408602151	0.301075268817204	NA	0.161290322580645	93	TRUE
CGGAC	0.439024390243902	0.292682926829268	NA	0.268292682926829	41	TRUE
CGGAG	0.371428571428571	0.428571428571429	NA	0.2	70	TRUE
CGGAT	0.427574171029668	0.443862710878418	NA	0.128563118091914	1719	TRUE
CGGCA	0.509886094992478	0.356759080163335	NA	0.133354824844187	9306	TRUE
CGGCC	0.48062015503876	0.356589147286822	NA	0.162790697674419	129	TRUE
CGGCG	0.363636363636364	0.424242424242424	NA	0.212121212121212	33	TRUE
CGGCT	0.535714285714286	0.326190476190476	NA	0.138095238095238	420	TRUE
CGGGA	0.471204188481675	0.31413612565445	NA	0.214659685863874	191	TRUE
CGGGC	0.425531914893617	0.297872340425532	NA	0.276595744680851	47	TRUE
CGGGG	0.443298969072165	0.304123711340206	NA	0.252577319587629	194	TRUE
CGGGT	0.523364485981308	0.299065420560748	NA	0.177570093457944	214	TRUE
CGGTA	0.572663425175581	0.235548352242031	NA	0.191788222582388	1851	TRUE
CGGTC	0.512915129151292	0.376383763837638	NA	0.11070110701107	271	TRUE
CGGTG	0.241379310344828	0.586206896551724	NA	0.172413793103448	58	TRUE
CGGTT	0.403307476836889	0.523378582202112	NA	0.073313940961	18564	TRUE
CGTAA	0.313131313131313	0.414141414141414	0.272727272727273	NA	99	TRUE
CGTAC	0.221550855991944	0.582074521651561	0.196374622356495	NA	993	TRUE
CGTAG	0.211009174311927	0.463302752293578	0.325688073394495	NA	218	TRUE
CGTAT	0.193028049108343	0.558114526391254	0.248857424500403	NA	11159	TRUE
CGTCA	0.079577072899277	0.629938786867001	0.290484140233723	NA	1797	TRUE
CGTCC	0.03448275862069	0.46551724137931	0.5	NA	58	TRUE
CGTCG	0.181818181818182	0.636363636363636	0.181818181818182	NA	33	TRUE
CGTCT	0.186440677966102	0.525423728813559	0.288135593220339	NA	59	TRUE
CGTGA	0.178861788617886	0.276422764227642	0.544715447154472	NA	123	TRUE
CGTGC	0.113636363636364	0.431818181818182	0.454545454545455	NA	44	TRUE
CGTGG	0.201127819548872	0.332706766917293	0.466165413533835	NA	532	TRUE
CGTGT	0.227906976744186	0.344186046511628	0.427906976744186	NA	215	TRUE
CGTTA	0.256198347107438	0.528925619834711	0.214876033057851	NA	121	TRUE
CGTTC	0.148936170212766	0.574468085106383	0.276595744680851	NA	47	TRUE
CGTTG	0.1875	0.458333333333333	0.354166666666667	NA	48	TRUE
CGTTT	0.081818181818182	0.590909090909091	0.327272727272727	NA	110	TRUE
CTAAA	NA	0.211447811447811	0.635016835016835	0.153535353535354	1485	TRUE
CTAAC	NA	0.36875	0.4875	0.14375	160	TRUE
CTAAG	NA	0.350710900473934	0.459715639810427	0.18957345971564	211	TRUE
CTAAT	NA	0.387323943661972	0.408450704225352	0.204225352112676	142	TRUE
CTACA	NA	0.222572051344151	0.549043351901187	0.228384596754662	4129	TRUE
CTACC	NA	0.409090909090909	0.340909090909091	0.25	44	TRUE
CTACG	NA	0.348484848484849	0.424242424242424	0.227272727272727	66	TRUE
CTACT	NA	0.384615384615385	0.323076923076923	0.292307692307692	65	TRUE
CTAGA	NA	0.234093637454982	0.476590636254502	0.289315726290516	833	TRUE
CTAGC	NA	0.166666666666667	0.628205128205128	0.205128205128205	78	TRUE
CTAGG	NA	0.220689655172414	0.537931034482759	0.241379310344828	145	TRUE
CTAGT	NA	0.274647887323944	0.471830985915493	0.253521126760563	142	TRUE
CTATA	NA	0.318618042226488	0.387715930902111	0.293666026871401	521	TRUE
CTATC	NA	0.338235294117647	0.389705882352941	0.272058823529412	136	TRUE
CTATG	NA	0.343283582089552	0.298507462686567	0.358208955223881	67	TRUE
CTATT	NA	0.4	0.255555555555556	0.344444444444444	90	TRUE
CTCAA	0.094412331406551	NA	0.609900696605899	0.29568697198755	6747	TRUE
CTCAC	0.308533333333333	NA	0.3072	0.384266666666667	3750	TRUE
CTCAG	0.137825421133231	NA	0.426493108728943	0.435681470137825	1306	TRUE
CTCAT	0.146365422396857	NA	0.423379174852652	0.430255402750491	1018	TRUE
CTCCA	0.084259259259259	NA	0.255555555555556	0.660185185185185	2160	TRUE
CTCCC	0.138461538461538	NA	0.246153846153846	0.615384615384615	65	TRUE
CTCCG	0.236842105263158	NA	0.368421052631579	0.394736842105263	76	TRUE
CTCCT	0.238095238095238	NA	0.349206349206349	0.412698412698413	63	TRUE
CTCGA	0.198019801980198	NA	0.475247524752475	0.326732673267327	101	TRUE
CTCGC	0.205128205128205	NA	0.333333333333333	0.461538461538462	39	TRUE
CTCGG	0.11864406779661	NA	0.525423728813559	0.355932203389831	59	TRUE
CTCGT	0.161290322580645	NA	0.32258064516129	0.516129032258065	31	TRUE
CTCTA	0.245210727969349	NA	0.348659003831418	0.406130268199234	261	TRUE
CTCTC	0.071230982019364	NA	0.545038035961272	0.383730982019364	11568	TRUE
CTCTG	0.08	NA	0.44	0.48	75	TRUE
CTCTT	0.108910891089109	NA	0.321782178217822	0.569306930693069	202	TRUE
CTGAA	0.497839898348158	0.311118170266836	NA	0.191041931385006	15740	TRUE
CTGAC	0.416315049226442	0.385372714486639	NA	0.19831223628692	711	TRUE
CTGAG	0.436822121469424	0.436870183758151	NA	0.126307694772425	62419	TRUE
CTGAT	0.431818181818182	0.377272727272727	NA	0.190909090909091	220	TRUE
CTGCA	0.587749925629022	0.272902346991498	NA	0.13934772737948	63869	TRUE
CTGCC	0.230769230769231	0.384615384615385	NA	0.384615384615385	52	TRUE
CTGCG	0.487068965517241	0.28448275862069	NA	0.228448275862069	232	TRUE
CTGCT	0.584459459459459	0.283783783783784	NA	0.131756756756757	296	TRUE
CTGGA	0.579600830543667	0.200728844442561	NA	0.219670325013772	23599	TRUE
CTGGC	0.333333333333333	0.266666666666667	NA	0.4	60	TRUE
CTGGG	0.286561264822134	0.312252964426877	NA	0.401185770750988	506	TRUE
CTGGT	0.612698052132432	0.203702652052927	NA	0.18359929581464	17609	TRUE
CTGTA	0.464067300658376	0.335245062179956	NA	0.200687637161668	68350	TRUE
CTGTC	0.471729957805907	0.338396624472574	NA	0.189873417721519	2370	TRUE
CTGTG	0.243243243243243	0.378378378378378	NA	0.378378378378378	37	TRUE
CTGTT	0.604060482500849	0.254502208630649	NA	0.141437308868502	11772	TRUE
CTTAA	0.219858156028369	0.382978723404255	0.397163120567376	NA	141	TRUE
CTTAC	0.275832376578645	0.398392652123995	0.325774971297359	NA	6968	TRUE
CTTAG	0.184162621359223	0.499696601941748	0.316140776699029	NA	3296	TRUE
CTTAT	0.144827586206897	0.562068965517241	0.293103448275862	NA	870	TRUE
CTTCA	0.107657316148597	0.435936315390447	0.456406368460955	NA	1319	TRUE
CTTCC	0.147058823529412	0.617647058823529	0.235294117647059	NA	34	TRUE
CTTCG	0.230769230769231	0.423076923076923	0.346153846153846	NA	26	TRUE
CTTCT	0.085714285714286	0.6	0.314285714285714	NA	35	TRUE
CTTGA	0.189889415481833	0.390837282780411	0.419273301737757	NA	6330	TRUE
CTTGC	0.168918918918919	0.557125307125307	0.273955773955774	NA	1628	TRUE
CTTGG	0.18423645320197	0.557635467980296	0.258128078817734	NA	1015	TRUE
CTTGT	0.121107266435986	0.43598615916955	0.442906574394464	NA	289	TRUE
CTTTA	0.132075471698113	0.522012578616352	0.345911949685535	NA	159	TRUE
CTTTC	0.113861386138614	0.638613861386139	0.247524752475248	NA	202	TRUE
CTTTG	0.257142857142857	0.485714285714286	0.257142857142857	NA	35	TRUE
CTTTT	0.229166666666667	0.583333333333333	0.1875	NA	48	TRUE
GAAAA	NA	0.301252266728619	0.46625720351835	0.232490529753031	0	FALSE
GAAAC	NA	0.301252266728619	0.46625720351835	0.232490529753031	0	FALSE
GAAAG	NA	0.301252266728619	0.46625720351835	0.232490529753031	0	FALSE
GAAAT	NA	0.301252266728619	0.46625720351835	0.232490529753031	0	FALSE
GAACA	NA	0.301252266728619	0.46625720351835	0.232490529753031	0	FALSE
GAACC	NA	0.301252266728619	0.46625720351835	0.232490529753031	0	FALSE
GAACG	NA	0.301252266728619	0.46625720351835	0.232490529753031	0	FALSE
GAACT	NA	0.301252266728619	0.46625720351835	0.232490529753031	0	FALSE
GAAGA	NA	0.301252266728619	0.46625720351835	0.232490529753031	0	FALSE
GAAGC	NA	0.301252266728619	0.46625720351835	0.232490529753031	0	FALSE
GAAGG	NA	0.301252266728619	0.46625720351835	0.232490529753031	0	FALSE
GAAGT	NA	0.301252266728619	0.46625720351835	0.232490529753031	0	FALSE
GAATA	NA	0.301252266728619	0.46625720351835	0.232490529753031	0	FALSE
GAATC	NA	0.301252266728619	0.46625720351835	0.232490529753031	0	FALSE
GAATG	NA	0.301252266728619	0.46625720351835	0.232490529753031	0	FALSE
GAATT	NA	0.301252266728619	0.46625720351835	0.232490529753031	0	FALSE
GACAA	0.169335172179969	NA	0.336666095705963	0.493998732114067	0	FALSE
GACAC	0.169335172179969	NA	0.336666095705963	0.493998732114067	0	FALSE
GACAG	0.169335172179969	NA	0.336666095705963	0.493998732114067	0	FALSE
GACAT	0.169335172179969	NA	0.336666095705963	0.493998732114067	0	FALSE
GACCA	0.169335172179969	NA	0.336666095705963	0.493998732114067	0	FALSE
GACCC	0.169335172179969	NA	0.336666095705963	0.493998732114067	0	FALSE
GACCG	0.169335172179969	NA	0.336666095705963	0.493998732114067	0	FALSE
GACCT	0.169335172179969	NA	0.336666095705963	0.493998732114067	0	FALSE
GACGA	0.169335172179969	NA	0.336666095705963	0.493998732114067	0	FALSE
GACGC	0.169335172179969	NA	0.336666095705963	0.493998732114067	0	FALSE
GACGG	0.169335172179969	NA	0.336666095705963	0.493998732114067	0	FALSE
GACGT	0.169335172179969	NA	0.336666095705963	0.493998732114067	0	FALSE
GACTA	0.169335172179969	NA	0.336666095705963	0.493998732114067	0	FALSE
GACTC	0.169335172179969	NA	0.336666095705963	0.493998732114067	0	FALSE
GACTG	0.169335172179969	NA	0.336666095705963	0.493998732114067	0	FALSE
GACTT	0.169335172179969	NA	0.336666095705963	0.493998732114067	0	FALSE
GAGAA	0.484908488046769	0.332335921678844	NA	0.182755590274387	0	FALSE
GAGAC	0.484908488046769	0.332335921678844	NA	0.182755590274387	0	FALSE
GAGAG	0.484908488046769	0.332335921678844	NA	0.182755590274387	0	FALSE
GAGAT	0.484908488046769	0.332335921678844	NA	0.182755590274387	0	FALSE
GAGCA	0.484908488046769	0.332335921678844	NA	0.182755590274387	0	FALSE
GAGCC	0.484908488046769	0.332335921678844	NA	0.182755590274387	0	FALSE
GAGCG	0.484908488046769	0.332335921678844	NA	0.182755590274387	0	FALSE
GAGCT	0.484908488046769	0.332335921678844	NA	0.182755590274387	0	FALSE
GAGGA	0.484908488046769	0.332335921678844	NA	0.182755590274387	0	FALSE
GAGGC	0.484908488046769	0.332335921678844	NA	0.182755590274387	0	FALSE
GAGGG	0.484908488046769	0.332335921678844	NA	0.182755590274387	0	FALSE
GAGGT	0.484908488046769	0.332335921678844	NA	0.182755590274387	0	FALSE
GAGTA	0.484908488046769	0.332335921678844	NA	0.182755590274387	0	FALSE
GAGTC	0.484908488046769	0.332335921678844	NA	0.182755590274387	0	FALSE
GAGTG	0.484908488046769	0.332335921678844	NA	0.182755590274387	0	FALSE
GAGTT	0.484908488046769	0.332335921678844	NA	0.182755590274387	0	FALSE
GATAA	0.208101412438467	0.476099546346643	0.31579904121489	NA	0	FALSE
GATAC	0.208101412438467	0.476099546346643	0.31579904121489	NA	0	FALSE
GATAG	0.208101412438467	0.476099546346643	0.31579904121489	NA	0	FALSE
GATAT	0.208101412438467	0.476099546346643	0.31579904121489	NA	0	FALSE
GATCA	0.208101412438467	0.476099546346643	0.31579904121489	NA	0	FALSE
GATCC	0.208101412438467	0.476099546346643	0.31579904121489	NA	0	FALSE
GATCG	0.208101412438467	0.476099546346643	0.31579904121489	NA	0	FALSE
GATCT	0.208101412438467	0.476099546346643	0.31579904121489	NA	0	FALSE
GATGA	0.208101412438467	0.476099546346643	0.31579904121489	NA	0	FALSE
GATGC	0.208101412438467	0.476099546346643	0.31579904121489	NA	0	FALSE
GATGG	0.208101412438467	0.476099546346643	0.31579904121489	NA	0	FALSE
GATGT	0.208101412438467	0.476099546346643	0.31579904121489	NA	0	FALSE
GATTA	0.208101412438467	0.476099546346643	0.31579904121489	NA	0	FALSE
GATTC	0.208101412438467	0.476099546346643	0.31579904121489	NA	0	FALSE
GATTG	0.208101412438467	0.476099546346643	0.31579904121489	NA	0	FALSE
GATTT	0.208101412438467	0.476099546346643	0.31579904121489	NA	0	FALSE
GCAAA	NA	0.229943369513922	0.50023596035866	0.269820670127419	8476	TRUE
GCAAC	NA	0.263217097862767	0.439820022497188	0.296962879640045	889	TRUE
GCAAG	NA	0.260019550342131	0.557184750733138	0.182795698924731	3069	TRUE
GCAAT	NA	0.285714285714286	0.459183673469388	0.255102040816327	294	TRUE
GCACA	NA	0.215753199868723	0.418903839842468	0.365342960288809	15235	TRUE
GCACC	NA	0.165364583333333	0.534722222222222	0.299913194444444	2304	TRUE
GCACG	NA	0.28259587020649	0.491445427728614	0.225958702064897	1695	TRUE
GCACT	NA	0.327927343496594	0.377878689588064	0.294193966915342	3083	TRUE
GCAGA	NA	0.202484254723583	0.524107767669699	0.273407977606718	28580	TRUE
GCAGC	NA	0.235484494251763	0.493623804463337	0.2708917012849	20702	TRUE
GCAGG	NA	0.239475500345066	0.495514147688061	0.265010351966874	1449	TRUE
GCAGT	NA	0.234407401499442	0.352608071462753	0.412984527037805	12538	TRUE
GCATA	NA	0.201183431952663	0.542603550295858	0.256213017751479	1690	TRUE
GCATC	NA	0.274463007159905	0.419252187748608	0.306284805091488	2514	TRUE
GCATG	NA	0.35632183908046	0.333333333333333	0.310344827586207	87	TRUE
GCATT	NA	0.294908062234795	0.266619519094767	0.438472418670438	1414	TRUE
GCCAA	0.32449494949495	NA	0.412037037037037	0.263468013468013	2376	TRUE
GCCAC	0.400343642611684	NA	0.345360824742268	0.254295532646048	582	TRUE
GCCAG	0.124161073825503	NA	0.624161073825503	0.251677852348993	298	TRUE
GCCAT	0.316679779701023	NA	0.260424862313139	0.422895357985838	2542	TRUE
GCCCA	0.229357798165138	NA	0.339449541284404	0.431192660550459	109	TRUE
GCCCC	0.216794731064764	NA	0.228869374313941	0.554335894621295	1822	TRUE
GCCCG	0.376811594202899	NA	0.318840579710145	0.304347826086957	69	TRUE
GCCCT	0.318548387096774	NA	0.173387096774194	0.508064516129032	248	TRUE
GCCGA	0.232522796352584	NA	0.353723404255319	0.413753799392097	2632	TRUE
GCCGC	0.305689488910318	NA	0.227579556412729	0.466730954676953	1037	TRUE
GCCGG	0.34251968503937	NA	0.275590551181102	0.381889763779528	254	TRUE
GCCGT	0.281481481481481	NA	0.160082304526749	0.55843621399177	2430	TRUE
GCCTA	0.099097886091289	NA	0.524370539921907	0.376531573986805	14854	TRUE
GCCTC	0.104866346812886	NA	0.519019876627827	0.376113776559287	11672	TRUE
GCCTG	0.114982578397213	NA	0.371660859465738	0.51335656213705	861	TRUE
GCCTT	0.150765606595995	NA	0.202591283863369	0.646643109540636	849	TRUE
GCGAA	0.485759493670886	0.392932489451477	NA	0.121308016877637	5688	TRUE
GCGAC	0.380952380952381	0.482142857142857	NA	0.136904761904762	168	TRUE
GCGAG	0.46621661633209	0.43749629892817	NA	0.096287084739741	16887	TRUE
GCGAT	0.474452554744526	0.401459854014599	NA	0.124087591240876	137	TRUE
GCGCA	0.517241379310345	0.264367816091954	NA	0.218390804597701	87	TRUE
GCGCC	0.234042553191489	0.574468085106383	NA	0.191489361702128	94	TRUE
GCGCG	0.372727272727273	0.490909090909091	NA	0.136363636363636	110	TRUE
GCGCT	0.540106951871658	0.342245989304813	NA	0.117647058823529	561	TRUE
GCGGA	0.606381587550674	0.21537857983523	NA	0.178239832614097	7647	TRUE
GCGGC	0.579710144927536	0.318840579710145	NA	0.101449275362319	69	TRUE
GCGGG	0.378947368421053	0.336842105263158	NA	0.284210526315789	95	TRUE
GCGGT	0.553191489361702	0.287234042553192	NA	0.159574468085106	94	TRUE
GCGTA	0.570226537216828	0.27831715210356	NA	0.151456310679612	1545	TRUE
GCGTC	0.350204338258409	0.514932411191449	NA	0.134863250550141	3181	TRUE
GCGTG	0.272727272727273	0.318181818181818	NA	0.409090909090909	44	TRUE
GCGTT	0.483050847457627	0.355932203389831	NA	0.161016949152542	118	TRUE
GCTAA	0.282539682539683	0.474285714285714	0.243174603174603	NA	1575	TRUE
GCTAC	0.332728921124207	0.504079782411605	0.163191296464189	NA	1103	TRUE
GCTAG	0.285622593068036	0.56418485237484	0.150192554557125	NA	1558	TRUE
GCTAT	0.341844928374125	0.50427185713368	0.153883214492195	NA	31134	TRUE
GCTCA	0.181818181818182	0.597402597402597	0.220779220779221	NA	77	TRUE
GCTCC	0.05281234164743	0.78680817521536	0.160379483137211	NA	35522	TRUE
GCTCG	0.062857142857143	0.748571428571429	0.188571428571429	NA	175	TRUE
GCTCT	0.079069767441861	0.706976744186047	0.213953488372093	NA	215	TRUE
GCTGA	0.291774176901641	0.466198782124058	0.242027040974301	NA	9689	TRUE
GCTGC	0.31068801384682	0.541540458675898	0.147771527477283	NA	4622	TRUE
GCTGG	0.294840294840295	0.515151515151515	0.19000819000819	NA	1221	TRUE
GCTGT	0.300110454161523	0.535117926060685	0.164771619777792	NA	15391	TRUE
GCTTA	0.239091143816163	0.564420345985025	0.196488510198812	NA	3873	TRUE
GCTTC	0.064917298843427	0.868175600049745	0.066907101106828	NA	24123	TRUE
GCTTG	0.089316987740806	0.765323992994746	0.145359019264448	NA	571	TRUE
GCTTT	0.280323450134771	0.610961365678347	0.108715184186882	NA	1113	TRUE
GGAAA	NA	0.259149722735675	0.662107208872458	0.078743068391867	2705	TRUE
GGAAC	NA	0.300238284352661	0.58220810166799	0.117553613979349	1259	TRUE
GGAAG	NA	0.356976813494665	0.549859927281397	0.093163259223938	16777	TRUE
GGAAT	NA	0.315668862790032	0.557146949298195	0.127184187911773	3491	TRUE
GGACA	NA	0.318565175616526	0.558663392761823	0.12277143162165	9367	TRUE
GGACC	NA	0.207253886010363	0.637305699481865	0.155440414507772	193	TRUE
GGACG	NA	0.206437291897891	0.701442841287458	0.09211986681465	1802	TRUE
GGACT	NA	0.277848139436705	0.58922863518485	0.132923225378445	16581	TRUE
GGAGA	NA	0.267326732673267	0.637906647807638	0.094766619519095	707	TRUE
GGAGC	NA	0.206412103746398	0.680475504322767	0.113112391930836	2776	TRUE
GGAGG	NA	0.309746620697204	0.584578339626772	0.105675039676025	18273	TRUE
GGAGT	NA	0.314233742610277	0.543883583447021	0.141882673942701	2199	TRUE
GGATA	NA	0.336919592298981	0.504105322763307	0.158975084937712	7064	TRUE
GGATC	NA	0.306010928961749	0.573770491803279	0.120218579234973	183	TRUE
GGATG	NA	0.223909679637802	0.644564158404493	0.131526161957705	17449	TRUE
GGATT	NA	0.361926171320398	0.388349897460167	0.249723931219435	25356	TRUE
GGCAA	0.155877541481655	NA	0.734751110072447	0.109371348445899	4279	TRUE
GGCAC	0.303301450169701	NA	0.407590249922863	0.289108299907436	3241	TRUE
GGCAG	0.228259327564194	NA	0.339764505603632	0.431976166832175	7049	TRUE
GGCAT	0.359658880237301	NA	0.329996292176492	0.310344827586207	2697	TRUE
GGCCA	0.211758584807492	NA	0.322060353798127	0.466181061394381	1922	TRUE
GGCCC	0.104126494408022	NA	0.405707674508292	0.490165831083687	2593	TRUE
GGCCG	0.141938119064638	NA	0.348616358623507	0.509445522311855	9793	TRUE
GGCCT	0.143629807692308	NA	0.557091346153846	0.299278846153846	3328	TRUE
GGCGA	0.155251141552511	NA	0.616438356164384	0.228310502283105	219	TRUE
GGCGC	0.157509157509158	NA	0.384615384615385	0.457875457875458	273	TRUE
GGCGG	0.152466367713004	NA	0.538116591928251	0.309417040358744	223	TRUE
GGCGT	0.236486486486486	NA	0.164414414414414	0.599099099099099	1776	TRUE
GGCTA	0.224834793299524	NA	0.365759950822191	0.409405255878285	6507	TRUE
GGCTC	0.146996089584074	NA	0.319587628865979	0.533416281549947	5626	TRUE
GGCTG	0.126734258271078	NA	0.332177161152615	0.541088580576307	3748	TRUE
GGCTT	0.172007848266841	NA	0.409137624964963	0.418854526768196	10703	TRUE
GGGAA	0.668176372614908	0.17289542120796	NA	0.158928206177132	34223	TRUE
GGGAC	0.537967914438503	0.342780748663102	NA	0.119251336898396	1870	TRUE
GGGAG	0.530091897411256	0.380233047029852	NA	0.089675055558892	33298	TRUE
GGGAT	0.574743527112848	0.300439667806546	NA	0.124816805080606	16376	TRUE
GGGCA	0.507788161993769	0.35202492211838	NA	0.14018691588785	642	TRUE
GGGCC	0.40530303030303	0.386363636363636	NA	0.208333333333333	264	TRUE
GGGCG	0.48351226993865	0.410659509202454	NA	0.105828220858896	2608	TRUE
GGGCT	0.593306513077287	0.284400837409433	NA	0.12229264951328	103653	TRUE
GGGGA	0.688146439467222	0.165786144802441	NA	0.146067415730337	13439	TRUE
GGGGC	0.563589412524209	0.211103938024532	NA	0.225306649451259	1549	TRUE
GGGGG	0.626992793186285	0.206922908932081	NA	0.166084297881634	9158	TRUE
GGGGT	0.462962962962963	0.222222222222222	NA	0.314814814814815	378	TRUE
GGGTA	0.505331753554502	0.377554798578199	NA	0.117113447867299	27008	TRUE
GGGTC	0.571880121751346	0.245726996019668	NA	0.182392882228986	8542	TRUE
GGGTG	0.385714285714286	0.310714285714286	NA	0.303571428571429	280	TRUE
GGGTT	0.594465268362708	0.283754685381609	NA	0.121780046255682	12539	TRUE
GGTAA	0.386353683104143	0.371376018218446	0.242270298677411	NA	11417	TRUE
GGTAC	0.478189300411523	0.31222810111699	0.209582598471487	NA	17010	TRUE
GGTAG	0.321038391725744	0.440306174869002	0.238655433405254	NA	58398	TRUE
GGTAT	0.298540526452958	0.495569455303623	0.205890018243419	NA	15348	TRUE
GGTCA	0.144444444444444	0.494444444444444	0.361111111111111	NA	180	TRUE
GGTCC	0.092088998763906	0.69035846724351	0.217552533992583	NA	1618	TRUE
GGTCG	0.106918238993711	0.525157232704403	0.367924528301887	NA	318	TRUE
GGTCT	0.07905138339921	0.44532279314888	0.47562582345191	NA	759	TRUE
GGTGA	0.292705167173252	0.372948328267477	0.334346504559271	NA	6580	TRUE
GGTGC	0.282229965156794	0.435540069686411	0.282229965156794	NA	574	TRUE
GGTGG	0.285969781066913	0.489423373419673	0.224606845513414	NA	32430	TRUE
GGTGT	0.303088803088803	0.390604890604891	0.306306306306306	NA	1554	TRUE
GGTTA	0.234172215325584	0.569123123800925	0.196704660873491	NA	8861	TRUE
GGTTC	0.166093140628585	0.625143381509521	0.208763477861895	NA	4359	TRUE
GGTTG	0.095541401273885	0.471337579617834	0.43312101910828	NA	157	TRUE
GGTTT	0.18848167539267	0.587135377711294	0.224382946896036	NA	2674	TRUE
GTAAA	NA	0.278581765557164	0.523878437047757	0.19753979739508	4146	TRUE
GTAAC	NA	0.265895953757225	0.450867052023121	0.283236994219653	173	TRUE
GTAAG	NA	0.177215189873418	0.556962025316456	0.265822784810127	237	TRUE
GTAAT	NA	0.258333333333333	0.466666666666667	0.275	240	TRUE
GTACA	NA	0.212354623450906	0.511382268827455	0.27626310772164	26225	TRUE
GTACC	NA	0.213592233009709	0.378640776699029	0.407766990291262	103	TRUE
GTACG	NA	0.345291479820628	0.325859491778774	0.328849028400598	669	TRUE
GTACT	NA	0.329411764705882	0.305882352941176	0.364705882352941	85	TRUE
GTAGA	NA	0.160105582248984	0.573979749654589	0.265914668096426	48493	TRUE
GTAGC	NA	0.217460317460317	0.43968253968254	0.342857142857143	630	TRUE
GTAGG	NA	0.274893617021277	0.403404255319149	0.321702127659574	2350	TRUE
GTAGT	NA	0.25	0.423333333333333	0.326666666666667	300	TRUE
GTATA	NA	0.30574542045854	0.280865523571456	0.413389055970004	25603	TRUE
GTATC	NA	0.240336658354115	0.393391521197007	0.366271820448878	3208	TRUE
GTATG	NA	0.188405797101449	0.420289855072464	0.391304347826087	69	TRUE
GTATT	NA	0.32	0.24	0.44	150	TRUE
GTCAA	0.180665610142631	NA	0.554675118858954	0.264659270998415	631	TRUE
GTCAC	0.224655737704918	NA	0.294688524590164	0.480655737704918	7625	TRUE
GTCAG	0.19	NA	0.346666666666667	0.463333333333333	600	TRUE
GTCAT	0.276243093922652	NA	0.359116022099448	0.364640883977901	181	TRUE
GTCCA	0.126918291165491	NA	0.590211530485276	0.282870178349233	2411	TRUE
GTCCC	0.106870229007634	NA	0.137404580152672	0.755725190839695	131	TRUE
GTCCG	0.097989525257645	NA	0.224024328433857	0.677986146308498	5919	TRUE
GTCCT	0.185501066098081	NA	0.217484008528785	0.597014925373134	469	TRUE
GTCGA	0.194805194805195	NA	0.422077922077922	0.383116883116883	154	TRUE
GTCGC	0.087628865979381	NA	0.608247422680412	0.304123711340206	194	TRUE
GTCGG	0.086206896551724	NA	0.5	0.413793103448276	116	TRUE
GTCGT	0.132867132867133	NA	0.482517482517482	0.384615384615385	143	TRUE
GTCTA	0.136151835435845	NA	0.500170473917491	0.363677690646664	8799	TRUE
GTCTC	0.059332732191163	NA	0.523294259092275	0.417373008716561	16635	TRUE
GTCTG	0.131443298969072	NA	0.368556701030928	0.5	388	TRUE
GTCTT	0.108504398826979	NA	0.348973607038123	0.542521994134897	341	TRUE
GTGAA	0.514697488584475	0.218036529680365	NA	0.26726598173516	28032	TRUE
GTGAC	0.295498084291188	0.447318007662835	NA	0.257183908045977	6264	TRUE
GTGAG	0.385948905109489	0.360401459854015	NA	0.253649635036496	1096	TRUE
GTGAT	0.436708860759494	0.227848101265823	NA	0.335443037974684	158	TRUE
GTGCA	0.611624872347668	0.186627709066152	NA	0.20174741858618	35252	TRUE
GTGCC	0.254901960784314	0.333333333333333	NA	0.411764705882353	51	TRUE
GTGCG	0.42629658299237	0.285635298020568	NA	0.288068118987062	9043	TRUE
GTGCT	0.568306010928962	0.234972677595628	NA	0.19672131147541	366	TRUE
GTGGA	0.61355701268841	0.176104913565528	NA	0.210338073746061	11743	TRUE
GTGGC	0.425306957708049	0.19406548431105	NA	0.3806275579809	2932	TRUE
GTGGG	0.429596412556054	0.260089686098655	NA	0.310313901345291	1115	TRUE
GTGGT	0.551245663828445	0.213970356354462	NA	0.234783979817092	6342	TRUE
GTGTA	0.344484999902407	0.404927813453568	NA	0.250587186644025	307398	TRUE
GTGTC	0.234972677595628	0.229508196721311	NA	0.53551912568306	183	TRUE
GTGTG	0.34068544282321	0.29487614523244	NA	0.36443841194435	2947	TRUE
GTGTT	0.416833667334669	0.342685370741483	NA	0.240480961923848	499	TRUE
GTTAA	0.264550264550265	0.439153439153439	0.296296296296296	NA	189	TRUE
GTTAC	0.188136456211813	0.550661914460285	0.261201629327902	NA	3928	TRUE
GTTAG	0.220447284345048	0.539936102236422	0.23961661341853	NA	313	TRUE
GTTAT	0.190394706821812	0.56211498973306	0.247490303445129	NA	17532	TRUE
GTTCA	0.096212121212121	0.461363636363636	0.442424242424242	NA	1320	TRUE
GTTCC	0.18452380952381	0.535714285714286	0.279761904761905	NA	168	TRUE
GTTCG	0.088235294117647	0.205882352941176	0.705882352941177	NA	136	TRUE
GTTCT	0.266666666666667	0.511111111111111	0.222222222222222	NA	45	TRUE
GTTGA	0.207236842105263	0.4375	0.355263157894737	NA	304	TRUE
GTTGC	0.222222222222222	0.506172839506173	0.271604938271605	NA	162	TRUE
GTTGG	0.179675222629649	0.618648507071765	0.201676270298586	NA	1909	TRUE
GTTGT	0.228571428571429	0.414285714285714	0.357142857142857	NA	70	TRUE
GTTTA	0.204113924050633	0.573839662447257	0.22204641350211	NA	1896	TRUE
GTTTC	0.08058017727639	0.72337976286405	0.19604005985956	NA	8687	TRUE
GTTTG	0.081081081081081	0.567567567567568	0.351351351351351	NA	37	TRUE
GTTTT	0.123595505617978	0.629213483146067	0.247191011235955	NA	89	TRUE
TAAAA	NA	0.301252266728619	0.46625720351835	0.232490529753031	0	FALSE
TAAAC	NA	0.301252266728619	0.46625720351835	0.232490529753031	0	FALSE
TAAAG	NA	0.301252266728619	0.46625720351835	0.232490529753031	0	FALSE
TAAAT	NA	0.301252266728619	0.46625720351835	0.232490529753031	0	FALSE
TAACA	NA	0.301252266728619	0.46625720351835	0.232490529753031	0	FALSE
TAACC	NA	0.301252266728619	0.46625720351835	0.232490529753031	0	FALSE
TAACG	NA	0.301252266728619	0.46625720351835	0.232490529753031	0	FALSE
TAACT	NA	0.301252266728619	0.46625720351835	0.232490529753031	0	FALSE
TAAGA	NA	0.301252266728619	0.46625720351835	0.232490529753031	0	FALSE
TAAGC	NA	0.301252266728619	0.46625720351835	0.232490529753031	0	FALSE
TAAGG	NA	0.301252266728619	0.46625720351835	0.232490529753031	0	FALSE
TAAGT	NA	0.301252266728619	0.46625720351835	0.232490529753031	0	FALSE
TAATA	NA	0.301252266728619	0.46625720351835	0.232490529753031	0	FALSE
TAATC	NA	0.301252266728619	0.46625720351835	0.232490529753031	0	FALSE
TAATG	NA	0.301252266728619	0.46625720351835	0.232490529753031	0	FALSE
TAATT	NA	0.301252266728619	0.46625720351835	0.232490529753031	0	FALSE
TACAA	0.169335172179969	NA	0.336666095705963	0.493998732114067	0	FALSE
TACAC	0.169335172179969	NA	0.336666095705963	0.493998732114067	0	FALSE
TACAG	0.169335172179969	NA	0.336666095705963	0.493998732114067	0	FALSE
TACAT	0.169335172179969	NA	0.336666095705963	0.493998732114067	0	FALSE
TACCA	0.169335172179969	NA	0.336666095705963	0.493998732114067	0	FALSE
TACCC	0.169335172179969	NA	0.336666095705963	0.493998732114067	0	FALSE
TACCG	0.169335172179969	NA	0.336666095705963	0.493998732114067	0	FALSE
TACCT	0.169335172179969	NA	0.336666095705963	0.493998732114067	0	FALSE
TACGA	0.169335172179969	NA	0.336666095705963	0.493998732114067	0	FALSE
TACGC	0.169335172179969	NA	0.336666095705963	0.493998732114067	0	FALSE
TACGG	0.169335172179969	NA	0.336666095705963	0.493998732114067	0	FALSE
TACGT	0.169335172179969	NA	0.336666095705963	0.493998732114067	0	FALSE
TACTA	0.169335172179969	NA	0.336666095705963	0.493998732114067	0	FALSE
TACTC	0.169335172179969	NA	0.336666095705963	0.493998732114067	0	FALSE
TACTG	0.169335172179969	NA	0.336666095705963	0.493998732114067	0	FALSE
TACTT	0.169335172179969	NA	0.336666095705963	0.493998732114067	0	FALSE
TAGAA	0.484908488046769	0.332335921678844	NA	0.182755590274387	0	FALSE
TAGAC	0.484908488046769	0.332335921678844	NA	0.182755590274387	0	FALSE
TAGAG	0.484908488046769	0.332335921678844	NA	0.182755590274387	0	FALSE
TAGAT	0.484908488046769	0.332335921678844	NA	0.182755590274387	0	FALSE
TAGCA	0.484908488046769	0.332335921678844	NA	0.182755590274387	0	FALSE
TAGCC	0.484908488046769	0.332335921678844	NA	0.182755590274387	0	FALSE
TAGCG	0.484908488046769	0.332335921678844	NA	0.182755590274387	0	FALSE
TAGCT	0.484908488046769	0.332335921678844	NA	0.182755590274387	0	FALSE
TAGGA	0.484908488046769	0.332335921678844	NA	0.182755590274387	0	FALSE
TAGGC	0.484908488046769	0.332335921678844	NA	0.182755590274387	0	FALSE
TAGGG	0.484908488046769	0.332335921678844	NA	0.182755590274387	0	FALSE
TAGGT	0.484908488046769	0.332335921678844	NA	0.182755590274387	0	FALSE
TAGTA	0.484908488046769	0.332335921678844	NA	0.182755590274387	0	FALSE
TAGTC	0.484908488046769	0.332335921678844	NA	0.182755590274387	0	FALSE
TAGTG	0.484908488046769	0.332335921678844	NA	0.182755590274387	0	FALSE
TAGTT	0.484908488046769	0.332335921678844	NA	0.182755590274387	0	FALSE
TATAA	0.208101412438467	0.476099546346643	0.31579904121489	NA	0	FALSE
TATAC	0.208101412438467	0.476099546346643	0.31579904121489	NA	0	FALSE
TATAG	0.208101412438467	0.476099546346643	0.31579904121489	NA	0	FALSE
TATAT	0.208101412438467	0.476099546346643	0.31579904121489	NA	0	FALSE
TATCA	0.208101412438467	0.476099546346643	0.31579904121489	NA	0	FALSE
TATCC	0.208101412438467	0.476099546346643	0.31579904121489	NA	0	FALSE
TATCG	0.208101412438467	0.476099546346643	0.31579904121489	NA	0	FALSE
TATCT	0.208101412438467	0.476099546346643	0.31579904121489	NA	0	FALSE
TATGA	0.208101412438467	0.476099546346643	0.31579904121489	NA	0	FALSE
TATGC	0.208101412438467	0.476099546346643	0.31579904121489	NA	0	FALSE
TATGG	0.208101412438467	0.476099546346643	0.31579904121489	NA	0	FALSE
TATGT	0.208101412438467	0.476099546346643	0.31579904121489	NA	0	FALSE
TATTA	0.208101412438467	0.476099546346643	0.31579904121489	NA	0	FALSE
TATTC	0.208101412438467	0.476099546346643	0.31579904121489	NA	0	FALSE
TATTG	0.208101412438467	0.476099546346643	0.31579904121489	NA	0	FALSE
TATTT	0.208101412438467	0.476099546346643	0.31579904121489	NA	0	FALSE
TCAAA	NA	0.331417624521073	0.504214559386973	0.164367816091954	2610	TRUE
TCAAC	NA	0.349726775956284	0.442622950819672	0.207650273224044	366	TRUE
TCAAG	NA	0.429225137278829	0.387431360585723	0.183343502135448	3278	TRUE
TCAAT	NA	0.39009900990099	0.372277227722772	0.237623762376238	505	TRUE
TCACA	NA	0.277876895628903	0.511596788581623	0.210526315789474	2242	TRUE
TCACC	NA	0.35	0.283333333333333	0.366666666666667	60	TRUE
TCACG	NA	0.389054134443783	0.413444378346222	0.197501487209994	1681	TRUE
TCACT	NA	0.311153750928448	0.340925971775192	0.34792027729636	16156	TRUE
TCAGA	NA	0.253246753246753	0.551948051948052	0.194805194805195	154	TRUE
TCAGC	NA	0.315151046897937	0.433207138994051	0.251641814108012	12943	TRUE
TCAGG	NA	0.372930463576159	0.368791390728477	0.258278145695364	2416	TRUE
TCAGT	NA	0.32033426183844	0.390648627138878	0.289017111022682	25130	TRUE
TCATA	NA	0.287757719246325	0.485843938048732	0.226398342704942	10137	TRUE
TCATC	NA	0.272643039147556	0.444984943247626	0.282372017604818	4317	TRUE
TCATG	NA	0.474358974358974	0.358974358974359	0.166666666666667	78	TRUE
TCATT	NA	0.334586466165414	0.347744360902256	0.317669172932331	532	TRUE
TCCAA	0.099966594287623	NA	0.520962084516452	0.379071321195925	23948	TRUE
TCCAC	0.227834444880345	NA	0.250392310710082	0.521773244409572	10196	TRUE
TCCAG	0.195558501823003	NA	0.156667771516959	0.647773726660038	9051	TRUE
TCCAT	0.234156246660254	NA	0.187773859142888	0.578069894196858	9357	TRUE
TCCCA	0.259842519685039	NA	0.322834645669291	0.417322834645669	127	TRUE
TCCCC	0.198412698412698	NA	0.265873015873016	0.535714285714286	504	TRUE
TCCCG	0.219178082191781	NA	0.205479452054795	0.575342465753425	73	TRUE
TCCCT	0.24915909591022	NA	0.180597906384584	0.570242997705196	31811	TRUE
TCCGA	0.169934640522876	NA	0.352941176470588	0.477124183006536	153	TRUE
TCCGC	0.128019323671498	NA	0.314009661835749	0.557971014492754	414	TRUE
TCCGG	0.160655737704918	NA	0.279781420765027	0.559562841530055	915	TRUE
TCCGT	0.162485451959136	NA	0.133130738393896	0.704383809646968	15466	TRUE
TCCTA	0.109090909090909	NA	0.408391608391608	0.482517482517482	1430	TRUE
TCCTC	0.060244308717379	NA	0.516935036091061	0.42282065519156	3602	TRUE
TCCTG	0.267939513056035	NA	0.201596406080783	0.530464080863182	24931	TRUE
TCCTT	0.188535215324788	NA	0.331845023764943	0.479619760910269	6943	TRUE
TCGAA	0.227450980392157	0.576470588235294	NA	0.196078431372549	255	TRUE
TCGAC	0.4	0.3	NA	0.3	10	TRUE
TCGAG	0.225490196078431	0.666666666666667	NA	0.107843137254902	204	TRUE
TCGAT	0.385416666666667	0.489583333333333	NA	0.125	96	TRUE
TCGCA	0.698019801980198	0.217821782178218	NA	0.084158415841584	202	TRUE
TCGCC	0.272727272727273	0.636363636363636	NA	0.090909090909091	22	TRUE
TCGCG	0.570785070785071	0.262959680992468	NA	0.166255248222461	11	FALSE
TCGCT	0.4609375	0.40625	NA	0.1328125	128	TRUE
TCGGA	0.493435448577681	0.420860685630926	NA	0.085703865791393	2742	TRUE
TCGGC	0.433333333333333	0.4	NA	0.166666666666667	30	TRUE
TCGGG	0.541062801932367	0.262479871175523	NA	0.19645732689211	621	TRUE
TCGGT	0.509633027522936	0.388532110091743	NA	0.101834862385321	2180	TRUE
TCGTA	0.375	0.434210526315789	NA	0.190789473684211	152	TRUE
TCGTC	0.222222222222222	0.604938271604938	NA	0.172839506172839	81	TRUE
TCGTG	0.285714285714286	0.4	NA	0.314285714285714	35	TRUE
TCGTT	0.346534653465347	0.465346534653465	NA	0.188118811881188	101	TRUE
TCTAA	0.295726495726496	0.48034188034188	0.223931623931624	NA	1170	TRUE
TCTAC	0.292993630573248	0.564755838641189	0.142250530785563	NA	1413	TRUE
TCTAG	0.212180746561886	0.652259332023576	0.135559921414538	NA	1018	TRUE
TCTAT	0.214285714285714	0.650579150579151	0.135135135135135	NA	518	TRUE
TCTCA	0.073684210526316	0.663157894736842	0.263157894736842	NA	95	TRUE
TCTCC	0.030508474576271	0.840677966101695	0.128813559322034	NA	295	TRUE
TCTCG	0.060606060606061	0.803030303030303	0.136363636363636	NA	66	TRUE
TCTCT	0.106872451951077	0.718986604542807	0.174140943506115	NA	3434	TRUE
TCTGA	0.243789823621756	0.51140456182473	0.244805614553514	NA	10829	TRUE
TCTGC	0.18013856812933	0.575057736720554	0.244803695150115	NA	866	TRUE
TCTGG	0.167912791219308	0.413688428985854	0.418398779794838	NA	66874	TRUE
TCTGT	0.23437139561707	0.573779315647828	0.191849288735102	NA	13005	TRUE
TCTTA	0.149443561208267	0.702702702702703	0.14785373608903	NA	629	TRUE
TCTTC	0.118012422360248	0.708074534161491	0.173913043478261	NA	161	TRUE
TCTTG	0.11304347826087	0.652173913043478	0.234782608695652	NA	115	TRUE
TCTTT	0.155440414507772	0.756476683937824	0.088082901554404	NA	193	TRUE
TGAAA	NA	0.341260356915233	0.561743148502231	0.096996494582537	0	FALSE
TGAAC	NA	0.341260356915233	0.561743148502231	0.096996494582537	0	FALSE
TGAAG	NA	0.341260356915233	0.561743148502231	0.096996494582537	0	FALSE
TGAAT	NA	0.341260356915233	0.561743148502231	0.096996494582537	0	FALSE
TGACA	NA	0.336899779973252	0.552116139609129	0.110984080417619	0	FALSE
TGACC	NA	0.336899779973252	0.552116139609129	0.110984080417619	0	FALSE
TGACG	NA	0.336899779973252	0.552116139609129	0.110984080417619	0	FALSE
TGACT	NA	0.336899779973252	0.552116139609129	0.110984080417619	0	FALSE
TGAGA	NA	0.334259700386427	0.560160923190937	0.105579376422635	0	FALSE
TGAGC	NA	0.334259700386427	0.560160923190937	0.105579376422635	0	FALSE
TGAGG	NA	0.334259700386427	0.560160923190937	0.105579376422635	0	FALSE
TGAGT	NA	0.334259700386427	0.560160923190937	0.105579376422635	0	FALSE
TGATA	NA	0.34947927967021	0.49142981123888	0.159090909090909	0	FALSE
TGATC	NA	0.34947927967021	0.49142981123888	0.159090909090909	0	FALSE
TGATG	NA	0.34947927967021	0.49142981123888	0.159090909090909	0	FALSE
TGATT	NA	0.34947927967021	0.49142981123888	0.159090909090909	0	FALSE
TGCAA	0.243386243386243	NA	0.448609703928853	0.308004052684904	0	FALSE
TGCAC	0.243386243386243	NA	0.448609703928853	0.308004052684904	0	FALSE
TGCAG	0.243386243386243	NA	0.448609703928853	0.308004052684904	0	FALSE
TGCAT	0.243386243386243	NA	0.448609703928853	0.308004052684904	0	FALSE
TGCCA	0.131359069275516	NA	0.385166578529878	0.483474352194606	0	FALSE
TGCCC	0.131359069275516	NA	0.385166578529878	0.483474352194606	0	FALSE
TGCCG	0.131359069275516	NA	0.385166578529878	0.483474352194606	0	FALSE
TGCCT	0.131359069275516	NA	0.385166578529878	0.483474352194606	0	FALSE
TGCGA	0.210688196847366	NA	0.272202998846597	0.517108804306036	0	FALSE
TGCGC	0.210688196847366	NA	0.272202998846597	0.517108804306036	0	FALSE
TGCGG	0.210688196847366	NA	0.272202998846597	0.517108804306036	0	FALSE
TGCGT	0.210688196847366	NA	0.272202998846597	0.517108804306036	0	FALSE
TGCTA	0.176752585782302	NA	0.359251354457396	0.463996059760302	0	FALSE
TGCTC	0.176752585782302	NA	0.359251354457396	0.463996059760302	0	FALSE
TGCTG	0.176752585782302	NA	0.359251354457396	0.463996059760302	0	FALSE
TGCTT	0.176752585782302	NA	0.359251354457396	0.463996059760302	0	FALSE
TGGAA	0.590318166267533	0.284775915155662	NA	0.124905918576805	0	FALSE
TGGAC	0.590318166267533	0.284775915155662	NA	0.124905918576805	0	FALSE
TGGAG	0.590318166267533	0.284775915155662	NA	0.124905918576805	0	FALSE
TGGAT	0.590318166267533	0.284775915155662	NA	0.124905918576805	0	FALSE
TGGCA	0.582939643757208	0.29383623083166	NA	0.123224125411132	0	FALSE
TGGCC	0.582939643757208	0.29383623083166	NA	0.123224125411132	0	FALSE
TGGCG	0.582939643757208	0.29383623083166	NA	0.123224125411132	0	FALSE
TGGCT	0.582939643757208	0.29383623083166	NA	0.123224125411132	0	FALSE
TGGGA	0.649423917361939	0.187961859356377	NA	0.162614223281685	0	FALSE
TGGGC	0.649423917361939	0.187961859356377	NA	0.162614223281685	0	FALSE
TGGGG	0.649423917361939	0.187961859356377	NA	0.162614223281685	0	FALSE
TGGGT	0.649423917361939	0.187961859356377	NA	0.162614223281685	0	FALSE
TGGTA	0.503450870313834	0.379508920174207	NA	0.117040209511959	0	FALSE
TGGTC	0.503450870313834	0.379508920174207	NA	0.117040209511959	0	FALSE
TGGTG	0.503450870313834	0.379508920174207	NA	0.117040209511959	0	FALSE
TGGTT	0.503450870313834	0.379508920174207	NA	0.117040209511959	0	FALSE
TGTAA	0.334310287678163	0.434552781703041	0.231136930618796	NA	0	FALSE
TGTAC	0.334310287678163	0.434552781703041	0.231136930618796	NA	0	FALSE
TGTAG	0.334310287678163	0.434552781703041	0.231136930618796	NA	0	FALSE
TGTAT	0.334310287678163	0.434552781703041	0.231136930618796	NA	0	FALSE
TGTCA	0.089381999170469	0.605972625466611	0.30464537536292	NA	0	FALSE
TGTCC	0.089381999170469	0.605972625466611	0.30464537536292	NA	0	FALSE
TGTCG	0.089381999170469	0.605972625466611	0.30464537536292	NA	0	FALSE
TGTCT	0.089381999170469	0.605972625466611	0.30464537536292	NA	0	FALSE
TGTGA	0.285741462950633	0.463402454104442	0.250856082944925	NA	0	FALSE
TGTGC	0.285741462950633	0.463402454104442	0.250856082944925	NA	0	FALSE
TGTGG	0.285741462950633	0.463402454104442	0.250856082944925	NA	0	FALSE
TGTGT	0.285741462950633	0.463402454104442	0.250856082944925	NA	0	FALSE
TGTTA	0.206020638700617	0.585577334066068	0.208402027233315	NA	0	FALSE
TGTTC	0.206020638700617	0.585577334066068	0.208402027233315	NA	0	FALSE
TGTTG	0.206020638700617	0.585577334066068	0.208402027233315	NA	0	FALSE
TGTTT	0.206020638700617	0.585577334066068	0.208402027233315	NA	0	FALSE
TTAAA	NA	0.265969973506035	0.540182513982926	0.193847512511039	0	FALSE
TTAAC	NA	0.265969973506035	0.540182513982926	0.193847512511039	0	FALSE
TTAAG	NA	0.265969973506035	0.540182513982926	0.193847512511039	0	FALSE
TTAAT	NA	0.265969973506035	0.540182513982926	0.193847512511039	0	FALSE
TTACA	NA	0.217772255145606	0.510577964697636	0.271649780156758	0	FALSE
TTACC	NA	0.217772255145606	0.510577964697636	0.271649780156758	0	FALSE
TTACG	NA	0.217772255145606	0.510577964697636	0.271649780156758	0	FALSE
TTACT	NA	0.217772255145606	0.510577964697636	0.271649780156758	0	FALSE
TTAGA	NA	0.168035340091748	0.562137773498707	0.269826886409545	0	FALSE
TTAGC	NA	0.168035340091748	0.562137773498707	0.269826886409545	0	FALSE
TTAGG	NA	0.168035340091748	0.562137773498707	0.269826886409545	0	FALSE
TTAGT	NA	0.168035340091748	0.562137773498707	0.269826886409545	0	FALSE
TTATA	NA	0.299256131885806	0.295402761023991	0.405341107090202	0	FALSE
TTATC	NA	0.299256131885806	0.295402761023991	0.405341107090202	0	FALSE
TTATG	NA	0.299256131885806	0.295402761023991	0.405341107090202	0	FALSE
TTATT	NA	0.299256131885806	0.295402761023991	0.405341107090202	0	FALSE
TTCAA	0.188214841248056	NA	0.417467288864489	0.394317869887455	0	FALSE
TTCAC	0.188214841248056	NA	0.417467288864489	0.394317869887455	0	FALSE
TTCAG	0.188214841248056	NA	0.417467288864489	0.394317869887455	0	FALSE
TTCAT	0.188214841248056	NA	0.417467288864489	0.394317869887455	0	FALSE
TTCCA	0.107225075261201	NA	0.308748007791748	0.584026916947052	0	FALSE
TTCCC	0.107225075261201	NA	0.308748007791748	0.584026916947052	0	FALSE
TTCCG	0.107225075261201	NA	0.308748007791748	0.584026916947052	0	FALSE
TTCCT	0.107225075261201	NA	0.308748007791748	0.584026916947052	0	FALSE
TTCGA	0.138590203106332	NA	0.492234169653525	0.369175627240143	0	FALSE
TTCGC	0.138590203106332	NA	0.492234169653525	0.369175627240143	0	FALSE
TTCGG	0.138590203106332	NA	0.492234169653525	0.369175627240143	0	FALSE
TTCGT	0.138590203106332	NA	0.492234169653525	0.369175627240143	0	FALSE
TTCTA	0.083331155765763	NA	0.519010164885416	0.39765867934882	0	FALSE
TTCTC	0.083331155765763	NA	0.519010164885416	0.39765867934882	0	FALSE
TTCTG	0.083331155765763	NA	0.519010164885416	0.39765867934882	0	FALSE
TTCTT	0.083331155765763	NA	0.519010164885416	0.39765867934882	0	FALSE
TTGAA	0.455896720167481	0.365212840195394	NA	0.178890439637125	0	FALSE
TTGAC	0.455896720167481	0.365212840195394	NA	0.178890439637125	0	FALSE
TTGAG	0.455896720167481	0.365212840195394	NA	0.178890439637125	0	FALSE
TTGAT	0.455896720167481	0.365212840195394	NA	0.178890439637125	0	FALSE
TTGCA	0.58147140462253	0.246104377937175	NA	0.172424217440295	0	FALSE
TTGCC	0.58147140462253	0.246104377937175	NA	0.172424217440295	0	FALSE
TTGCG	0.58147140462253	0.246104377937175	NA	0.172424217440295	0	FALSE
TTGCT	0.58147140462253	0.246104377937175	NA	0.172424217440295	0	FALSE
TTGGA	0.579898601070322	0.20001251838638	NA	0.220088880543298	0	FALSE
TTGGC	0.579898601070322	0.20001251838638	NA	0.220088880543298	0	FALSE
TTGGG	0.579898601070322	0.20001251838638	NA	0.220088880543298	0	FALSE
TTGGT	0.579898601070322	0.20001251838638	NA	0.220088880543298	0	FALSE
TTGTA	0.373786703798189	0.386938580532377	NA	0.239274715669435	0	FALSE
TTGTC	0.373786703798189	0.386938580532377	NA	0.239274715669435	0	FALSE
TTGTG	0.373786703798189	0.386938580532377	NA	0.239274715669435	0	FALSE
TTGTT	0.373786703798189	0.386938580532377	NA	0.239274715669435	0	FALSE
TTTAA	0.207058398772452	0.518578692421097	0.274362908806451	NA	0	FALSE
TTTAC	0.207058398772452	0.518578692421097	0.274362908806451	NA	0	FALSE
TTTAG	0.207058398772452	0.518578692421097	0.274362908806451	NA	0	FALSE
TTTAT	0.207058398772452	0.518578692421097	0.274362908806451	NA	0	FALSE
TTTCA	0.109633473889069	0.446967239701589	0.443399286409342	NA	0	FALSE
TTTCC	0.109633473889069	0.446967239701589	0.443399286409342	NA	0	FALSE
TTTCG	0.109633473889069	0.446967239701589	0.443399286409342	NA	0	FALSE
TTTCT	0.109633473889069	0.446967239701589	0.443399286409342	NA	0	FALSE
TTTGA	0.184248740070044	0.469633552575382	0.346117707354574	NA	0	FALSE
TTTGC	0.184248740070044	0.469633552575382	0.346117707354574	NA	0	FALSE
TTTGG	0.184248740070044	0.469633552575382	0.346117707354574	NA	0	FALSE
TTTGT	0.184248740070044	0.469633552575382	0.346117707354574	NA	0	FALSE
TTTTA	0.104456200125527	0.69093517439254	0.204608625481933	NA	0	FALSE
TTTTC	0.104456200125527	0.69093517439254	0.204608625481933	NA	0	FALSE
TTTTG	0.104456200125527	0.69093517439254	0.204608625481933	NA	0	FALSE
TTTTT	0.104456200125527	0.69093517439254	0.204608625481933	NA	0	FALSE
